{
  "resourceType" : "CodeSystem",
  "id" : "DirOrgNotiCS",
  "text" : {
    "status" : "generated",
    "div" : "<div xmlns=\"http://www.w3.org/1999/xhtml\"><p>This case-insensitive code system <code>https://paho.org/fhir/esavi/CodeSystem/DirOrgNotiCS</code> defines the following codes:</p><table class=\"codes\"><tr><td style=\"white-space:nowrap\"><b>Code</b></td><td><b>Display</b></td></tr><tr><td style=\"white-space:nowrap\">AR_B_06126<a name=\"DirOrgNotiCS-AR_B_06126\"> </a></td><td>Campana (Partido), Buenos Aires, Argentina</td></tr><tr><td style=\"white-space:nowrap\">AR_B_06134<a name=\"DirOrgNotiCS-AR_B_06134\"> </a></td><td>Cañuelas (Partido), Buenos Aires, Argentina</td></tr><tr><td style=\"white-space:nowrap\">AR_B_06140<a name=\"DirOrgNotiCS-AR_B_06140\"> </a></td><td>Capitán Sarmiento (Partido), Buenos Aires, Argentina</td></tr><tr><td style=\"white-space:nowrap\">AR_B_06147<a name=\"DirOrgNotiCS-AR_B_06147\"> </a></td><td>Carlos Casares (Partido), Buenos Aires, Argentina</td></tr><tr><td style=\"white-space:nowrap\">AR_B_06154<a name=\"DirOrgNotiCS-AR_B_06154\"> </a></td><td>Carlos Tejedor (Partido), Buenos Aires, Argentina</td></tr><tr><td style=\"white-space:nowrap\">AR_B_06161<a name=\"DirOrgNotiCS-AR_B_06161\"> </a></td><td>Carmen de Areco (Partido), Buenos Aires, Argentina</td></tr><tr><td style=\"white-space:nowrap\">AR_B_06168<a name=\"DirOrgNotiCS-AR_B_06168\"> </a></td><td>Castelli (Partido), Buenos Aires, Argentina</td></tr><tr><td style=\"white-space:nowrap\">AR_B_06175<a name=\"DirOrgNotiCS-AR_B_06175\"> </a></td><td>Colón (Partido), Buenos Aires, Argentina</td></tr><tr><td style=\"white-space:nowrap\">AR_B_06182<a name=\"DirOrgNotiCS-AR_B_06182\"> </a></td><td>Coronel de Marina Leonardo Rosales (Partido), Buenos Aires, Argentina</td></tr><tr><td style=\"white-space:nowrap\">AR_B_06189<a name=\"DirOrgNotiCS-AR_B_06189\"> </a></td><td>Coronel Dorrego (Partido), Buenos Aires, Argentina</td></tr><tr><td style=\"white-space:nowrap\">AR_B_06196<a name=\"DirOrgNotiCS-AR_B_06196\"> </a></td><td>Coronel Pringles (Partido), Buenos Aires, Argentina</td></tr><tr><td style=\"white-space:nowrap\">AR_B_06203<a name=\"DirOrgNotiCS-AR_B_06203\"> </a></td><td>Coronel Suárez (Partido), Buenos Aires, Argentina</td></tr><tr><td style=\"white-space:nowrap\">AR_B_06665<a name=\"DirOrgNotiCS-AR_B_06665\"> </a></td><td>Ramallo (Partido), Buenos Aires, Argentina</td></tr><tr><td style=\"white-space:nowrap\">AR_C_02001<a name=\"DirOrgNotiCS-AR_C_02001\"> </a></td><td>Comuna 1 (Comuna), Ciudad Autonoma de Buenos Aires, Argentina</td></tr><tr><td style=\"white-space:nowrap\">AR_C_02002<a name=\"DirOrgNotiCS-AR_C_02002\"> </a></td><td>Comuna 2 (Comuna), Ciudad Autonoma de Buenos Aires, Argentina</td></tr><tr><td style=\"white-space:nowrap\">AR_C_02003<a name=\"DirOrgNotiCS-AR_C_02003\"> </a></td><td>Comuna 3 (Comuna), Ciudad Autonoma de Buenos Aires, Argentina</td></tr><tr><td style=\"white-space:nowrap\">AR_C_02004<a name=\"DirOrgNotiCS-AR_C_02004\"> </a></td><td>Comuna 4 (Comuna), Ciudad Autonoma de Buenos Aires, Argentina</td></tr><tr><td style=\"white-space:nowrap\">AR_C_02005<a name=\"DirOrgNotiCS-AR_C_02005\"> </a></td><td>Comuna 5 (Comuna), Ciudad Autonoma de Buenos Aires, Argentina</td></tr><tr><td style=\"white-space:nowrap\">AR_C_02006<a name=\"DirOrgNotiCS-AR_C_02006\"> </a></td><td>Comuna 6 (Comuna), Ciudad Autonoma de Buenos Aires, Argentina</td></tr><tr><td style=\"white-space:nowrap\">AR_C_02007<a name=\"DirOrgNotiCS-AR_C_02007\"> </a></td><td>Comuna 7 (Comuna), Ciudad Autonoma de Buenos Aires, Argentina</td></tr><tr><td style=\"white-space:nowrap\">AR_C_02008<a name=\"DirOrgNotiCS-AR_C_02008\"> </a></td><td>Comuna 8 (Comuna), Ciudad Autonoma de Buenos Aires, Argentina</td></tr><tr><td style=\"white-space:nowrap\">AR_C_02009<a name=\"DirOrgNotiCS-AR_C_02009\"> </a></td><td>Comuna 9 (Comuna), Ciudad Autonoma de Buenos Aires, Argentina</td></tr><tr><td style=\"white-space:nowrap\">AR_C_02010<a name=\"DirOrgNotiCS-AR_C_02010\"> </a></td><td>Comuna 10 (Comuna), Ciudad Autonoma de Buenos Aires, Argentina</td></tr><tr><td style=\"white-space:nowrap\">AR_C_02011<a name=\"DirOrgNotiCS-AR_C_02011\"> </a></td><td>Comuna 11 (Comuna), Ciudad Autonoma de Buenos Aires, Argentina</td></tr><tr><td style=\"white-space:nowrap\">AR_C_02012<a name=\"DirOrgNotiCS-AR_C_02012\"> </a></td><td>Comuna 12 (Comuna), Ciudad Autonoma de Buenos Aires, Argentina</td></tr><tr><td style=\"white-space:nowrap\">AR_C_02013<a name=\"DirOrgNotiCS-AR_C_02013\"> </a></td><td>Comuna 13 (Comuna), Ciudad Autonoma de Buenos Aires, Argentina</td></tr><tr><td style=\"white-space:nowrap\">AR_C_02014<a name=\"DirOrgNotiCS-AR_C_02014\"> </a></td><td>Comuna 14 (Comuna), Ciudad Autonoma de Buenos Aires, Argentina</td></tr><tr><td style=\"white-space:nowrap\">AR_C_02015<a name=\"DirOrgNotiCS-AR_C_02015\"> </a></td><td>Comuna 15 (Comuna), Ciudad Autonoma de Buenos Aires, Argentina</td></tr><tr><td style=\"white-space:nowrap\">BO_B_080801<a name=\"DirOrgNotiCS-BO_B_080801\"> </a></td><td>Magdalena (Municipio), Beni, Bolivia (Plurinational State of)</td></tr><tr><td style=\"white-space:nowrap\">BO_B_080802<a name=\"DirOrgNotiCS-BO_B_080802\"> </a></td><td>Baures (Municipio), Beni, Bolivia (Plurinational State of)</td></tr><tr><td style=\"white-space:nowrap\">BO_B_080803<a name=\"DirOrgNotiCS-BO_B_080803\"> </a></td><td>Huacaraje (Municipio), Beni, Bolivia (Plurinational State of)</td></tr><tr><td style=\"white-space:nowrap\">BO_C_030101<a name=\"DirOrgNotiCS-BO_C_030101\"> </a></td><td>Cochabamba (Municipio), Cochabamba, Bolivia (Plurinational State of)</td></tr><tr><td style=\"white-space:nowrap\">BO_C_030201<a name=\"DirOrgNotiCS-BO_C_030201\"> </a></td><td>Aiquile (Municipio), Cochabamba, Bolivia (Plurinational State of)</td></tr><tr><td style=\"white-space:nowrap\">BO_C_030202<a name=\"DirOrgNotiCS-BO_C_030202\"> </a></td><td>Pasorapa (Municipio), Cochabamba, Bolivia (Plurinational State of)</td></tr><tr><td style=\"white-space:nowrap\">BO_C_030203<a name=\"DirOrgNotiCS-BO_C_030203\"> </a></td><td>Omereque (Municipio), Cochabamba, Bolivia (Plurinational State of)</td></tr><tr><td style=\"white-space:nowrap\">BO_C_030301<a name=\"DirOrgNotiCS-BO_C_030301\"> </a></td><td>Ayopaya (Municipio), Cochabamba, Bolivia (Plurinational State of)</td></tr><tr><td style=\"white-space:nowrap\">BO_C_030302<a name=\"DirOrgNotiCS-BO_C_030302\"> </a></td><td>Morochata (Municipio), Cochabamba, Bolivia (Plurinational State of)</td></tr><tr><td style=\"white-space:nowrap\">BO_C_030303<a name=\"DirOrgNotiCS-BO_C_030303\"> </a></td><td>Cocapata (Municipio), Cochabamba, Bolivia (Plurinational State of)</td></tr><tr><td style=\"white-space:nowrap\">BO_C_030401<a name=\"DirOrgNotiCS-BO_C_030401\"> </a></td><td>Tarata (Municipio), Cochabamba, Bolivia (Plurinational State of)</td></tr><tr><td style=\"white-space:nowrap\">BR_AL_27_05705<a name=\"DirOrgNotiCS-BR_AL_27_05705\"> </a></td><td>Olho d'Água das Flores (Municipio), Alagoas, Brazil</td></tr><tr><td style=\"white-space:nowrap\">BR_AL_27_05804<a name=\"DirOrgNotiCS-BR_AL_27_05804\"> </a></td><td>Olho d'Água do Casado (Municipio), Alagoas, Brazil</td></tr><tr><td style=\"white-space:nowrap\">BR_AL_27_05903<a name=\"DirOrgNotiCS-BR_AL_27_05903\"> </a></td><td>Olho d'Água Grande (Municipio), Alagoas, Brazil</td></tr><tr><td style=\"white-space:nowrap\">BR_AL_27_06000<a name=\"DirOrgNotiCS-BR_AL_27_06000\"> </a></td><td>Olivença (Municipio), Alagoas, Brazil</td></tr><tr><td style=\"white-space:nowrap\">BR_AL_27_06109<a name=\"DirOrgNotiCS-BR_AL_27_06109\"> </a></td><td>Ouro Branco (Municipio), Alagoas, Brazil</td></tr><tr><td style=\"white-space:nowrap\">BR_AL_27_06208<a name=\"DirOrgNotiCS-BR_AL_27_06208\"> </a></td><td>Palestina (Municipio), Alagoas, Brazil</td></tr><tr><td style=\"white-space:nowrap\">BR_AL_27_06307<a name=\"DirOrgNotiCS-BR_AL_27_06307\"> </a></td><td>Palmeira dos Índios (Municipio), Alagoas, Brazil</td></tr><tr><td style=\"white-space:nowrap\">BR_AL_27_06406<a name=\"DirOrgNotiCS-BR_AL_27_06406\"> </a></td><td>Pão de Açúcar (Municipio), Alagoas, Brazil</td></tr><tr><td style=\"white-space:nowrap\">BR_AL_27_06422<a name=\"DirOrgNotiCS-BR_AL_27_06422\"> </a></td><td>Pariconha (Municipio), Alagoas, Brazil</td></tr><tr><td style=\"white-space:nowrap\">BR_AL_27_06448<a name=\"DirOrgNotiCS-BR_AL_27_06448\"> </a></td><td>Paripueira (Municipio), Alagoas, Brazil</td></tr><tr><td style=\"white-space:nowrap\">BR_AL_27_06505<a name=\"DirOrgNotiCS-BR_AL_27_06505\"> </a></td><td>Passo de Camaragibe (Municipio), Alagoas, Brazil</td></tr><tr><td style=\"white-space:nowrap\">BR_AL_27_06604<a name=\"DirOrgNotiCS-BR_AL_27_06604\"> </a></td><td>Paulo Jacinto (Municipio), Alagoas, Brazil</td></tr><tr><td style=\"white-space:nowrap\">BR_AL_27_06703<a name=\"DirOrgNotiCS-BR_AL_27_06703\"> </a></td><td>Penedo (Municipio), Alagoas, Brazil</td></tr><tr><td style=\"white-space:nowrap\">BR_AL_27_06802<a name=\"DirOrgNotiCS-BR_AL_27_06802\"> </a></td><td>Piaçabuçu (Municipio), Alagoas, Brazil</td></tr><tr><td style=\"white-space:nowrap\">CL_VS_05801<a name=\"DirOrgNotiCS-CL_VS_05801\"> </a></td><td>Quilpué (Comuna), Region de Valparaiso, Chile</td></tr><tr><td style=\"white-space:nowrap\">CL_VS_05802<a name=\"DirOrgNotiCS-CL_VS_05802\"> </a></td><td>Limache (Comuna), Region de Valparaiso, Chile</td></tr><tr><td style=\"white-space:nowrap\">CL_VS_05803<a name=\"DirOrgNotiCS-CL_VS_05803\"> </a></td><td>Olmué (Comuna), Region de Valparaiso, Chile</td></tr><tr><td style=\"white-space:nowrap\">CL_VS_05804<a name=\"DirOrgNotiCS-CL_VS_05804\"> </a></td><td>Villa Alemana (Comuna), Region de Valparaiso, Chile</td></tr><tr><td style=\"white-space:nowrap\">CO_AMA_91001<a name=\"DirOrgNotiCS-CO_AMA_91001\"> </a></td><td>Leticia (Municipio), Amazonas, Colombia</td></tr><tr><td style=\"white-space:nowrap\">CO_AMA_91263<a name=\"DirOrgNotiCS-CO_AMA_91263\"> </a></td><td>El Encanto (Municipio), Amazonas, Colombia</td></tr><tr><td style=\"white-space:nowrap\">CO_AMA_91405<a name=\"DirOrgNotiCS-CO_AMA_91405\"> </a></td><td>La Chorrera (Municipio), Amazonas, Colombia</td></tr><tr><td style=\"white-space:nowrap\">CO_AMA_91407<a name=\"DirOrgNotiCS-CO_AMA_91407\"> </a></td><td>La Pedrera (Municipio), Amazonas, Colombia</td></tr><tr><td style=\"white-space:nowrap\">CO_AMA_91430<a name=\"DirOrgNotiCS-CO_AMA_91430\"> </a></td><td>La Victoria (Municipio), Amazonas, Colombia</td></tr><tr><td style=\"white-space:nowrap\">CO_AMA_91460<a name=\"DirOrgNotiCS-CO_AMA_91460\"> </a></td><td>Mirití- Paraná (Municipio), Amazonas, Colombia</td></tr><tr><td style=\"white-space:nowrap\">DO_0904<a name=\"DirOrgNotiCS-DO_0904\"> </a></td><td>Jamao al Norte (Municipio), Espaillat, Dominican Republic</td></tr><tr><td style=\"white-space:nowrap\">DO_1001<a name=\"DirOrgNotiCS-DO_1001\"> </a></td><td>Jimaní (Municipio), Independencia, Dominican Republic</td></tr><tr><td style=\"white-space:nowrap\">DO_1002<a name=\"DirOrgNotiCS-DO_1002\"> </a></td><td>Duvergé (Municipio), Independencia, Dominican Republic</td></tr><tr><td style=\"white-space:nowrap\">EC_D_2203<a name=\"DirOrgNotiCS-EC_D_2203\"> </a></td><td>La Joya de Los Sachas (Canton), Orellana, Ecuador</td></tr><tr><td style=\"white-space:nowrap\">EC_D_2204<a name=\"DirOrgNotiCS-EC_D_2204\"> </a></td><td>Loreto (Canton), Orellana, Ecuador</td></tr><tr><td style=\"white-space:nowrap\">EC_E_0801<a name=\"DirOrgNotiCS-EC_E_0801\"> </a></td><td>Esmeraldas (Canton), Esmeraldas, Ecuador</td></tr><tr><td style=\"white-space:nowrap\">GT_QZ_0908<a name=\"DirOrgNotiCS-GT_QZ_0908\"> </a></td><td>San Miguel Sigüila (Municipio), Quetzaltenango, Guatemala</td></tr><tr><td style=\"white-space:nowrap\">GT_QZ_0909<a name=\"DirOrgNotiCS-GT_QZ_0909\"> </a></td><td>Ostuncalco (Municipio), Quetzaltenango, Guatemala</td></tr><tr><td style=\"white-space:nowrap\">GT_QZ_0910<a name=\"DirOrgNotiCS-GT_QZ_0910\"> </a></td><td>San Mateo (Municipio), Quetzaltenango, Guatemala</td></tr><tr><td style=\"white-space:nowrap\">GT_QZ_0911<a name=\"DirOrgNotiCS-GT_QZ_0911\"> </a></td><td>Concepción Chiquirichapa (Municipio), Quetzaltenango, Guatemala</td></tr><tr><td style=\"white-space:nowrap\">GT_QZ_0912<a name=\"DirOrgNotiCS-GT_QZ_0912\"> </a></td><td>San Martín Sacatepéquez (Municipio), Quetzaltenango, Guatemala</td></tr><tr><td style=\"white-space:nowrap\">HN_CH_0601<a name=\"DirOrgNotiCS-HN_CH_0601\"> </a></td><td>Choluteca (Municipio), Choluteca, Honduras</td></tr><tr><td style=\"white-space:nowrap\">HN_CH_0602<a name=\"DirOrgNotiCS-HN_CH_0602\"> </a></td><td>Apacilagua (Municipio), Choluteca, Honduras</td></tr><tr><td style=\"white-space:nowrap\">HN_CH_0603<a name=\"DirOrgNotiCS-HN_CH_0603\"> </a></td><td>Concepción de María (Municipio), Choluteca, Honduras</td></tr><tr><td style=\"white-space:nowrap\">HN_CH_0604<a name=\"DirOrgNotiCS-HN_CH_0604\"> </a></td><td>Duyure (Municipio), Choluteca, Honduras</td></tr><tr><td style=\"white-space:nowrap\">MX_CS_07003<a name=\"DirOrgNotiCS-MX_CS_07003\"> </a></td><td>Acapetahua (Municipio), Chiapas, Mexico</td></tr><tr><td style=\"white-space:nowrap\">MX_CS_07004<a name=\"DirOrgNotiCS-MX_CS_07004\"> </a></td><td>Altamirano (Municipio), Chiapas, Mexico</td></tr><tr><td style=\"white-space:nowrap\">MX_CS_07005<a name=\"DirOrgNotiCS-MX_CS_07005\"> </a></td><td>Amatán (Municipio), Chiapas, Mexico</td></tr><tr><td style=\"white-space:nowrap\">PE_ICA_0201<a name=\"DirOrgNotiCS-PE_ICA_0201\"> </a></td><td>Chincha Alta (Distrito), Ica, Peru</td></tr><tr><td style=\"white-space:nowrap\">PE_ICA_0211<a name=\"DirOrgNotiCS-PE_ICA_0211\"> </a></td><td>Tambo de Mora (Distrito), Ica, Peru</td></tr></table></div>"
  },
  "url" : "https://paho.org/fhir/esavi/CodeSystem/DirOrgNotiCS",
  "version" : "0.1.42",
  "name" : "DirOrgNotiCS",
  "title" : "Códigos PAHO para Direcciones",
  "status" : "active",
  "experimental" : false,
  "date" : "2021-03-11T00:00:00-03:00",
  "publisher" : "ESAVI -",
  "contact" : [{
    "name" : "ESAVI -",
    "telecom" : [{
      "system" : "url",
      "value" : "https://covid-19pharmacovigilance.paho.org/resources/updates-on-aefi"
    },
    {
      "system" : "email",
      "value" : "rizzatodan@paho.org"
    }]
  }],
  "description" : "Códigos para Direcciones según PAHO",
  "jurisdiction" : [{
    "coding" : [{
      "system" : "http://unstats.un.org/unsd/methods/m49/m49.htm",
      "code" : "001"
    }]
  }],
  "caseSensitive" : false,
  "content" : "complete",
  "count" : 83,
  "concept" : [{
    "code" : "AR_B_06126",
    "display" : "Campana (Partido), Buenos Aires, Argentina"
  },
  {
    "code" : "AR_B_06134",
    "display" : "Cañuelas (Partido), Buenos Aires, Argentina"
  },
  {
    "code" : "AR_B_06140",
    "display" : "Capitán Sarmiento (Partido), Buenos Aires, Argentina"
  },
  {
    "code" : "AR_B_06147",
    "display" : "Carlos Casares (Partido), Buenos Aires, Argentina"
  },
  {
    "code" : "AR_B_06154",
    "display" : "Carlos Tejedor (Partido), Buenos Aires, Argentina"
  },
  {
    "code" : "AR_B_06161",
    "display" : "Carmen de Areco (Partido), Buenos Aires, Argentina"
  },
  {
    "code" : "AR_B_06168",
    "display" : "Castelli (Partido), Buenos Aires, Argentina"
  },
  {
    "code" : "AR_B_06175",
    "display" : "Colón (Partido), Buenos Aires, Argentina"
  },
  {
    "code" : "AR_B_06182",
    "display" : "Coronel de Marina Leonardo Rosales (Partido), Buenos Aires, Argentina"
  },
  {
    "code" : "AR_B_06189",
    "display" : "Coronel Dorrego (Partido), Buenos Aires, Argentina"
  },
  {
    "code" : "AR_B_06196",
    "display" : "Coronel Pringles (Partido), Buenos Aires, Argentina"
  },
  {
    "code" : "AR_B_06203",
    "display" : "Coronel Suárez (Partido), Buenos Aires, Argentina"
  },
  {
    "code" : "AR_B_06665",
    "display" : "Ramallo (Partido), Buenos Aires, Argentina"
  },
  {
    "code" : "AR_C_02001",
    "display" : "Comuna 1 (Comuna), Ciudad Autonoma de Buenos Aires, Argentina"
  },
  {
    "code" : "AR_C_02002",
    "display" : "Comuna 2 (Comuna), Ciudad Autonoma de Buenos Aires, Argentina"
  },
  {
    "code" : "AR_C_02003",
    "display" : "Comuna 3 (Comuna), Ciudad Autonoma de Buenos Aires, Argentina"
  },
  {
    "code" : "AR_C_02004",
    "display" : "Comuna 4 (Comuna), Ciudad Autonoma de Buenos Aires, Argentina"
  },
  {
    "code" : "AR_C_02005",
    "display" : "Comuna 5 (Comuna), Ciudad Autonoma de Buenos Aires, Argentina"
  },
  {
    "code" : "AR_C_02006",
    "display" : "Comuna 6 (Comuna), Ciudad Autonoma de Buenos Aires, Argentina"
  },
  {
    "code" : "AR_C_02007",
    "display" : "Comuna 7 (Comuna), Ciudad Autonoma de Buenos Aires, Argentina"
  },
  {
    "code" : "AR_C_02008",
    "display" : "Comuna 8 (Comuna), Ciudad Autonoma de Buenos Aires, Argentina"
  },
  {
    "code" : "AR_C_02009",
    "display" : "Comuna 9 (Comuna), Ciudad Autonoma de Buenos Aires, Argentina"
  },
  {
    "code" : "AR_C_02010",
    "display" : "Comuna 10 (Comuna), Ciudad Autonoma de Buenos Aires, Argentina"
  },
  {
    "code" : "AR_C_02011",
    "display" : "Comuna 11 (Comuna), Ciudad Autonoma de Buenos Aires, Argentina"
  },
  {
    "code" : "AR_C_02012",
    "display" : "Comuna 12 (Comuna), Ciudad Autonoma de Buenos Aires, Argentina"
  },
  {
    "code" : "AR_C_02013",
    "display" : "Comuna 13 (Comuna), Ciudad Autonoma de Buenos Aires, Argentina"
  },
  {
    "code" : "AR_C_02014",
    "display" : "Comuna 14 (Comuna), Ciudad Autonoma de Buenos Aires, Argentina"
  },
  {
    "code" : "AR_C_02015",
    "display" : "Comuna 15 (Comuna), Ciudad Autonoma de Buenos Aires, Argentina"
  },
  {
    "code" : "BO_B_080801",
    "display" : "Magdalena (Municipio), Beni, Bolivia (Plurinational State of)"
  },
  {
    "code" : "BO_B_080802",
    "display" : "Baures (Municipio), Beni, Bolivia (Plurinational State of)"
  },
  {
    "code" : "BO_B_080803",
    "display" : "Huacaraje (Municipio), Beni, Bolivia (Plurinational State of)"
  },
  {
    "code" : "BO_C_030101",
    "display" : "Cochabamba (Municipio), Cochabamba, Bolivia (Plurinational State of)"
  },
  {
    "code" : "BO_C_030201",
    "display" : "Aiquile (Municipio), Cochabamba, Bolivia (Plurinational State of)"
  },
  {
    "code" : "BO_C_030202",
    "display" : "Pasorapa (Municipio), Cochabamba, Bolivia (Plurinational State of)"
  },
  {
    "code" : "BO_C_030203",
    "display" : "Omereque (Municipio), Cochabamba, Bolivia (Plurinational State of)"
  },
  {
    "code" : "BO_C_030301",
    "display" : "Ayopaya (Municipio), Cochabamba, Bolivia (Plurinational State of)"
  },
  {
    "code" : "BO_C_030302",
    "display" : "Morochata (Municipio), Cochabamba, Bolivia (Plurinational State of)"
  },
  {
    "code" : "BO_C_030303",
    "display" : "Cocapata (Municipio), Cochabamba, Bolivia (Plurinational State of)"
  },
  {
    "code" : "BO_C_030401",
    "display" : "Tarata (Municipio), Cochabamba, Bolivia (Plurinational State of)"
  },
  {
    "code" : "BR_AL_27_05705",
    "display" : "Olho d'Água das Flores (Municipio), Alagoas, Brazil"
  },
  {
    "code" : "BR_AL_27_05804",
    "display" : "Olho d'Água do Casado (Municipio), Alagoas, Brazil"
  },
  {
    "code" : "BR_AL_27_05903",
    "display" : "Olho d'Água Grande (Municipio), Alagoas, Brazil"
  },
  {
    "code" : "BR_AL_27_06000",
    "display" : "Olivença (Municipio), Alagoas, Brazil"
  },
  {
    "code" : "BR_AL_27_06109",
    "display" : "Ouro Branco (Municipio), Alagoas, Brazil"
  },
  {
    "code" : "BR_AL_27_06208",
    "display" : "Palestina (Municipio), Alagoas, Brazil"
  },
  {
    "code" : "BR_AL_27_06307",
    "display" : "Palmeira dos Índios (Municipio), Alagoas, Brazil"
  },
  {
    "code" : "BR_AL_27_06406",
    "display" : "Pão de Açúcar (Municipio), Alagoas, Brazil"
  },
  {
    "code" : "BR_AL_27_06422",
    "display" : "Pariconha (Municipio), Alagoas, Brazil"
  },
  {
    "code" : "BR_AL_27_06448",
    "display" : "Paripueira (Municipio), Alagoas, Brazil"
  },
  {
    "code" : "BR_AL_27_06505",
    "display" : "Passo de Camaragibe (Municipio), Alagoas, Brazil"
  },
  {
    "code" : "BR_AL_27_06604",
    "display" : "Paulo Jacinto (Municipio), Alagoas, Brazil"
  },
  {
    "code" : "BR_AL_27_06703",
    "display" : "Penedo (Municipio), Alagoas, Brazil"
  },
  {
    "code" : "BR_AL_27_06802",
    "display" : "Piaçabuçu (Municipio), Alagoas, Brazil"
  },
  {
    "code" : "CL_VS_05801",
    "display" : "Quilpué (Comuna), Region de Valparaiso, Chile"
  },
  {
    "code" : "CL_VS_05802",
    "display" : "Limache (Comuna), Region de Valparaiso, Chile"
  },
  {
    "code" : "CL_VS_05803",
    "display" : "Olmué (Comuna), Region de Valparaiso, Chile"
  },
  {
    "code" : "CL_VS_05804",
    "display" : "Villa Alemana (Comuna), Region de Valparaiso, Chile"
  },
  {
    "code" : "CO_AMA_91001",
    "display" : "Leticia (Municipio), Amazonas, Colombia"
  },
  {
    "code" : "CO_AMA_91263",
    "display" : "El Encanto (Municipio), Amazonas, Colombia"
  },
  {
    "code" : "CO_AMA_91405",
    "display" : "La Chorrera (Municipio), Amazonas, Colombia"
  },
  {
    "code" : "CO_AMA_91407",
    "display" : "La Pedrera (Municipio), Amazonas, Colombia"
  },
  {
    "code" : "CO_AMA_91430",
    "display" : "La Victoria (Municipio), Amazonas, Colombia"
  },
  {
    "code" : "CO_AMA_91460",
    "display" : "Mirití- Paraná (Municipio), Amazonas, Colombia"
  },
  {
    "code" : "DO_0904",
    "display" : "Jamao al Norte (Municipio), Espaillat, Dominican Republic"
  },
  {
    "code" : "DO_1001",
    "display" : "Jimaní (Municipio), Independencia, Dominican Republic"
  },
  {
    "code" : "DO_1002",
    "display" : "Duvergé (Municipio), Independencia, Dominican Republic"
  },
  {
    "code" : "EC_D_2203",
    "display" : "La Joya de Los Sachas (Canton), Orellana, Ecuador"
  },
  {
    "code" : "EC_D_2204",
    "display" : "Loreto (Canton), Orellana, Ecuador"
  },
  {
    "code" : "EC_E_0801",
    "display" : "Esmeraldas (Canton), Esmeraldas, Ecuador"
  },
  {
    "code" : "GT_QZ_0908",
    "display" : "San Miguel Sigüila (Municipio), Quetzaltenango, Guatemala"
  },
  {
    "code" : "GT_QZ_0909",
    "display" : "Ostuncalco (Municipio), Quetzaltenango, Guatemala"
  },
  {
    "code" : "GT_QZ_0910",
    "display" : "San Mateo (Municipio), Quetzaltenango, Guatemala"
  },
  {
    "code" : "GT_QZ_0911",
    "display" : "Concepción Chiquirichapa (Municipio), Quetzaltenango, Guatemala"
  },
  {
    "code" : "GT_QZ_0912",
    "display" : "San Martín Sacatepéquez (Municipio), Quetzaltenango, Guatemala"
  },
  {
    "code" : "HN_CH_0601",
    "display" : "Choluteca (Municipio), Choluteca, Honduras"
  },
  {
    "code" : "HN_CH_0602",
    "display" : "Apacilagua (Municipio), Choluteca, Honduras"
  },
  {
    "code" : "HN_CH_0603",
    "display" : "Concepción de María (Municipio), Choluteca, Honduras"
  },
  {
    "code" : "HN_CH_0604",
    "display" : "Duyure (Municipio), Choluteca, Honduras"
  },
  {
    "code" : "MX_CS_07003",
    "display" : "Acapetahua (Municipio), Chiapas, Mexico"
  },
  {
    "code" : "MX_CS_07004",
    "display" : "Altamirano (Municipio), Chiapas, Mexico"
  },
  {
    "code" : "MX_CS_07005",
    "display" : "Amatán (Municipio), Chiapas, Mexico"
  },
  {
    "code" : "PE_ICA_0201",
    "display" : "Chincha Alta (Distrito), Ica, Peru"
  },
  {
    "code" : "PE_ICA_0211",
    "display" : "Tambo de Mora (Distrito), Ica, Peru"
  }]
}